Metric,Value
Accuracy,0.9791666666666666
Precision,0.9024390243902439
Recall,0.9736842105263158
AUC,0.9940072954663888
