Metric,Value
Accuracy,0.9833333333333333
Precision,0.9473684210526315
Recall,0.9473684210526315
AUC,0.9899687337154768
